ACCIDENT_NO,ABS_CODE,ACCIDENT_STATUS,Date,ACCIDENT_TIME,ALCOHOLTIME,ACCIDENT_TYPE,DAY_OF_WEEK,DCA_CODE,HIT_RUN_FLAG,LIGHT_CONDITION,POLICE_ATTEND,ROAD_GEOMETRY,SEVERITY,SPEED_ZONE,RUN_OFFROAD,LONGITUDE,LATITUDE,LGA_NAME,REGION_NAME,TOTAL_PERSONS,FATALITY,SERIOUSINJURY,OTHERINJURY,NONINJURED,MALES,FEMALES,BICYCLIST,PASSENGER,DRIVER,PEDESTRIAN,PILLION,MOTORIST,UNKNOWN,PED_CYCLIST_5_12,PED_CYCLIST_13_18,OLD_PEDESTRIAN,OLD_DRIVER,YOUNG_DRIVER,ALCOHOL_RELATED,UNLICENCSED,NO_OF_VEHICLES,HEAVYVEHICLE,PASSENGERVEHICLE,MOTORCYCLE,PUBLICVEHICLE,DEG_URBAN_NAME,DEG_URBAN_ALL,LGA_NAME_ALL,REGION_NAME_ALL,RMA,STAT_DIV_NAME,Rainfall amount (millimetres),Maximum temperature (Degree C)
T20150023746,Driving accident,Finished,2015/11/17,09:01:00,No,Collision with vehicle,Tuesday,REAR END(VEHICLES IN SAME LANE),No,Day,Yes,T intersection,Serious injury accident,60 km/hr,No,144.96006973,-37.82597583,MELBOURNE,METROPOLITAN NORTH WEST REGION,3.0,0.0,1.0,0.0,2.0,2.0,1.0,0.0,0.0,2.0,0.0,0.0,1.0,0.0,0.0,0.0,0.0,0.0,0.0,No,0.0,3.0,0.0,1.0,1.0,0.0,MELB_URBAN,MELB_URBAN,MELBOURNE,METROPOLITAN NORTH WEST REGION,Arterial Other,Metro,0.0,33.3
T20150023745,Driving accident,Finished,2015/11/17,08:18:00,No,Collision with vehicle,Tuesday,LEFT TURN SIDESWIPE,No,Day,Yes,T intersection,Serious injury accident,50 km/hr,No,144.93181738,-37.79460041,MELBOURNE,METROPOLITAN NORTH WEST REGION,2.0,0.0,1.0,0.0,1.0,1.0,1.0,1.0,0.0,1.0,0.0,0.0,0.0,0.0,0.0,0.0,0.0,0.0,0.0,No,0.0,2.0,0.0,1.0,0.0,0.0,MELB_URBAN,MELB_URBAN,MELBOURNE,METROPOLITAN NORTH WEST REGION,Local Road,Metro,0.0,33.3
T20150023834,Driving accident,Finished,2015/11/17,17:00:00,No,Collision with vehicle,Tuesday,LANE CHANGE RIGHT (NOT OVERTAKING),No,Day,No,Not at intersection,Other injury accident,Not known,No,144.97574487,-37.80910865,MELBOURNE,METROPOLITAN NORTH WEST REGION,3.0,0.0,0.0,1.0,2.0,1.0,1.0,0.0,1.0,1.0,0.0,0.0,1.0,0.0,0.0,0.0,0.0,0.0,0.0,No,0.0,2.0,0.0,1.0,1.0,0.0,MELB_URBAN,MELB_URBAN,MELBOURNE,METROPOLITAN NORTH WEST REGION,Local Road,Metro,0.0,33.3
T20150023844,Driving accident,Finished,2015/11/17,20:45:00,Yes,Collision with vehicle,Tuesday,RIGHT NEAR (INTERSECTIONS ONLY),No,Dark Street lights on,Yes,Cross intersection,Other injury accident,40 km/hr,No,144.96720202,-37.81084192,MELBOURNE,METROPOLITAN NORTH WEST REGION,3.0,0.0,0.0,1.0,2.0,2.0,1.0,0.0,1.0,1.0,0.0,0.0,1.0,0.0,0.0,0.0,0.0,0.0,0.0,No,0.0,2.0,0.0,1.0,1.0,0.0,MELBOURNE_CBD,MELBOURNE_CBD,MELBOURNE,METROPOLITAN NORTH WEST REGION,Local Road,Metro,0.0,33.3
T20150023765,Driving accident,Finished,2015/11/17,12:40:00,No,Struck Pedestrian,Tuesday,PED NEAR SIDE. PED HIT BY VEHICLE FROM THE RIGHT.,No,Day,Yes,Cross intersection,Serious injury accident,Not known,No,144.96108758,-37.81930114,MELBOURNE,METROPOLITAN NORTH WEST REGION,2.0,0.0,1.0,0.0,1.0,2.0,0.0,0.0,0.0,1.0,1.0,0.0,0.0,0.0,0.0,0.0,0.0,0.0,0.0,No,0.0,1.0,0.0,0.0,0.0,1.0,MELBOURNE_CBD,"MELB_URBAN,MELBOURNE_CBD",MELBOURNE,METROPOLITAN NORTH WEST REGION,Local Road,Metro,0.0,33.3
T20150023754,Driving accident,Finished,2015/11/17,09:35:00,No,Collision with vehicle,Tuesday,U TURN,No,Day,Yes,Not at intersection,Serious injury accident,60 km/hr,No,144.91329375,-37.82198793,MELBOURNE,METROPOLITAN NORTH WEST REGION,5.0,0.0,2.0,0.0,3.0,2.0,3.0,0.0,3.0,2.0,0.0,0.0,0.0,0.0,0.0,0.0,0.0,0.0,1.0,No,0.0,2.0,0.0,2.0,0.0,0.0,MELB_URBAN,MELB_URBAN,MELBOURNE,METROPOLITAN NORTH WEST REGION,Arterial Other,Metro,0.0,33.3
T20150023981,Driving accident,Finished,2015/11/17,21:30:00,Yes,Collision with vehicle,Tuesday,REAR END(VEHICLES IN SAME LANE),No,Dark Street lights on,No,Not at intersection,Other injury accident,80 km/hr,No,144.93282749,-37.81789613,MELBOURNE,METROPOLITAN NORTH WEST REGION,3.0,0.0,0.0,1.0,2.0,3.0,0.0,0.0,1.0,2.0,0.0,0.0,0.0,0.0,0.0,0.0,0.0,0.0,0.0,No,0.0,2.0,0.0,2.0,0.0,0.0,MELB_URBAN,MELB_URBAN,MELBOURNE,METROPOLITAN NORTH WEST REGION,Freeway,Metro,0.0,33.3
T20150023293,Driving accident,Finished,2015/11/10,18:35:00,Yes,Struck Pedestrian,Tuesday,PED NEAR SIDE. PED HIT BY VEHICLE FROM THE RIGHT.,No,Day,Yes,Not at intersection,Serious injury accident,40 km/hr,No,144.96803362,-37.818744,MELBOURNE,METROPOLITAN NORTH WEST REGION,2.0,0.0,1.0,0.0,1.0,2.0,0.0,0.0,0.0,1.0,1.0,0.0,0.0,0.0,0.0,0.0,0.0,0.0,0.0,No,0.0,1.0,0.0,0.0,0.0,1.0,MELB_URBAN,MELB_URBAN,MELBOURNE,METROPOLITAN NORTH WEST REGION,Local Road,Metro,0.0,16.4
T20150023369,Driving accident,Finished,2015/11/10,20:51:00,Yes,Struck Pedestrian,Tuesday,FAR SIDE. PED HIT BY VEHICLE FROM THE LEFT,No,Dark Street lights on,Yes,T intersection,Serious injury accident,50 km/hr,No,144.96758667,-37.82238691,MELBOURNE,METROPOLITAN NORTH WEST REGION,2.0,0.0,1.0,0.0,1.0,1.0,1.0,0.0,0.0,1.0,1.0,0.0,0.0,0.0,0.0,0.0,0.0,0.0,0.0,No,0.0,1.0,0.0,1.0,0.0,0.0,MELB_URBAN,MELB_URBAN,MELBOURNE,METROPOLITAN NORTH WEST REGION,Arterial Other,Metro,0.0,16.4
T20150023331,Driving accident,Finished,2015/11/10,17:20:00,No,Collision with vehicle,Tuesday,LANE CHANGE RIGHT (NOT OVERTAKING),No,Day,Yes,Not at intersection,Serious injury accident,80 km/hr,No,144.92623601,-37.82762855,MELBOURNE,METROPOLITAN NORTH WEST REGION,2.0,0.0,1.0,0.0,1.0,0.0,2.0,0.0,0.0,2.0,0.0,0.0,0.0,0.0,0.0,0.0,0.0,0.0,0.0,No,0.0,2.0,0.0,2.0,0.0,0.0,MELB_URBAN,MELB_URBAN,MELBOURNE,METROPOLITAN NORTH WEST REGION,Freeway,Metro,0.0,16.4
T20150021558,Driving accident,Finished,2015/10/18,18:05:00,Yes,Collision with vehicle,Sunday,PARKED VEHICLES ONLY,Yes,Dusk/Dawn,No,Not at intersection,Other injury accident,40 km/hr,No,144.96329444,-37.81440863,MELBOURNE,METROPOLITAN NORTH WEST REGION,2.0,0.0,0.0,1.0,1.0,1.0,1.0,0.0,1.0,1.0,0.0,0.0,0.0,0.0,0.0,0.0,0.0,0.0,0.0,No,0.0,2.0,0.0,2.0,0.0,0.0,MELBOURNE_CBD,MELBOURNE_CBD,MELBOURNE,METROPOLITAN NORTH WEST REGION,Local Road,Metro,0.0,17.7
T20150023605,Driving accident,Finished,2015/11/14,23:30:00,Yes,Vehicle overturned (no collision),Saturday,OUT OF CONTROL ON CARRIAGEWAY (ON STRAIGHT),No,Dark Street lights on,Yes,Multiple intersection,Other injury accident,60 km/hr,No,144.9212534,-37.78735773,MELBOURNE,METROPOLITAN NORTH WEST REGION,1.0,0.0,0.0,1.0,0.0,1.0,0.0,0.0,0.0,0.0,0.0,0.0,1.0,0.0,0.0,0.0,0.0,0.0,0.0,No,0.0,1.0,0.0,0.0,1.0,0.0,MELB_URBAN,MELB_URBAN,"MELBOURNE,MOONEE VALLEY",METROPOLITAN NORTH WEST REGION,Arterial Other,Metro,0.2,18.3
T20150023751,Driving accident,Finished,2015/11/14,23:25:00,Yes,Struck Pedestrian,Saturday,ANY MANOEUVRE INVOLVING PED NOT INCLUDED IN DCAs 100-108.,No,Dark Street lights on,No,Not at intersection,Serious injury accident,40 km/hr,No,144.95729528,-37.81701888,MELBOURNE,METROPOLITAN NORTH WEST REGION,2.0,0.0,1.0,0.0,1.0,1.0,1.0,0.0,0.0,1.0,1.0,0.0,0.0,0.0,0.0,0.0,0.0,0.0,0.0,No,0.0,1.0,0.0,1.0,0.0,0.0,MELBOURNE_CBD,MELBOURNE_CBD,MELBOURNE,METROPOLITAN NORTH WEST REGION,Local Road,Metro,0.2,18.3
T20150023598,Driving accident,Finished,2015/11/14,16:56:00,Yes,Collision with vehicle,Friday,REAR END(VEHICLES IN SAME LANE),No,Day,Yes,Not at intersection,Other injury accident,50 km/hr,No,144.92689183,-37.79325654,MELBOURNE,METROPOLITAN NORTH WEST REGION,3.0,0.0,0.0,1.0,2.0,2.0,1.0,0.0,0.0,3.0,0.0,0.0,0.0,0.0,0.0,0.0,0.0,0.0,1.0,No,0.0,3.0,0.0,3.0,0.0,0.0,MELB_URBAN,MELB_URBAN,MELBOURNE,METROPOLITAN NORTH WEST REGION,Local Road,Metro,0.2,18.3
T20160000702,Driving accident,Finished,2015/11/14,23:00:00,Yes,Struck Pedestrian,Saturday,PED NEAR SIDE. PED HIT BY VEHICLE FROM THE RIGHT.,Yes,Dark Street lights on,No,Not at intersection,Serious injury accident,40 km/hr,No,144.92839561,-37.78803226,MELBOURNE,METROPOLITAN NORTH WEST REGION,2.0,0.0,1.0,0.0,1.0,1.0,0.0,0.0,0.0,0.0,1.0,0.0,0.0,1.0,0.0,0.0,1.0,0.0,0.0,No,0.0,1.0,0.0,0.0,0.0,0.0,MELB_URBAN,MELB_URBAN,"MELBOURNE,MOONEE VALLEY",METROPOLITAN NORTH WEST REGION,Arterial Highway,Metro,0.2,18.3
T20150024135,Driving accident,Finished,2015/11/22,15:10:00,No,No collision and no object struck,Sunday,OTHER ACCIDENTS NOT CLASSIFIABLE ELSEWHERE,No,Day,No,Not at intersection,Serious injury accident,60 km/hr,No,144.95476543,-37.82009022,MELBOURNE,METROPOLITAN NORTH WEST REGION,2.0,0.0,1.0,0.0,1.0,0.0,1.0,0.0,0.0,1.0,1.0,0.0,0.0,0.0,0.0,0.0,1.0,0.0,0.0,No,0.0,1.0,0.0,1.0,0.0,0.0,MELBOURNE_CBD,MELBOURNE_CBD,MELBOURNE,METROPOLITAN NORTH WEST REGION,Local Road,Metro,0.0,20.0
T20150024444,Driving accident,Finished,2015/11/22,19:15:00,Yes,Collision with vehicle,Sunday,VEHICLE STRIKES DOOR OF PARKED/STATIONARY VEHICLE,No,Dusk/Dawn,No,Not at intersection,Other injury accident,Not known,No,144.95682851,-37.79961489,MELBOURNE,METROPOLITAN NORTH WEST REGION,2.0,0.0,0.0,1.0,1.0,1.0,0.0,1.0,0.0,0.0,0.0,0.0,0.0,1.0,0.0,0.0,0.0,0.0,0.0,No,0.0,2.0,0.0,0.0,0.0,0.0,MELB_URBAN,MELB_URBAN,MELBOURNE,METROPOLITAN NORTH WEST REGION,Local Road,Metro,0.0,20.0
T20150024148,Driving accident,Finished,2015/11/20,10:30:00,No,Collision with vehicle,Friday,VEHICLE STRIKES DOOR OF PARKED/STATIONARY VEHICLE,No,Day,No,Not at intersection,Serious injury accident,60 km/hr,No,144.97722675,-37.84083945,MELBOURNE,METROPOLITAN NORTH WEST REGION,3.0,0.0,1.0,0.0,2.0,2.0,1.0,1.0,1.0,0.0,0.0,0.0,0.0,1.0,0.0,0.0,0.0,0.0,0.0,No,0.0,2.0,0.0,1.0,0.0,0.0,MELB_URBAN,MELB_URBAN,"MELBOURNE,PORT PHILLIP",METROPOLITAN NORTH WEST REGION,Arterial Other,Metro,0.4,19.1
T20150024829,Driving accident,Finished,2015/11/20,17:30:00,Yes,Collision with vehicle,Friday,HEAD ON (NOT OVERTAKING),No,Day,Yes,Not at intersection,Other injury accident,60 km/hr,No,144.98504641,-37.82414362,MELBOURNE,METROPOLITAN NORTH WEST REGION,5.0,0.0,0.0,1.0,4.0,2.0,3.0,0.0,3.0,2.0,0.0,0.0,0.0,0.0,0.0,0.0,0.0,0.0,0.0,No,0.0,2.0,0.0,2.0,0.0,0.0,MELB_URBAN,MELB_URBAN,MELBOURNE,METROPOLITAN NORTH WEST REGION,Arterial Other,Metro,0.4,19.1
T20150019582,Driving accident,Finished,2015/08/18,18:50:00,Yes,Collision with vehicle,Tuesday,REAR END(VEHICLES IN SAME LANE),No,Dark Street lights on,Yes,Multiple intersection,Serious injury accident,60 km/hr,No,144.94819368,-37.82507334,MELBOURNE,METROPOLITAN NORTH WEST REGION,2.0,0.0,1.0,0.0,1.0,2.0,0.0,0.0,0.0,2.0,0.0,0.0,0.0,0.0,0.0,0.0,0.0,0.0,0.0,No,0.0,2.0,0.0,2.0,0.0,0.0,MELB_URBAN,MELB_URBAN,MELBOURNE,METROPOLITAN NORTH WEST REGION,Arterial Highway,Metro,0.6,11.1
T20150017275,Driving accident,Finished,2015/08/18,19:30:00,Yes,Struck Pedestrian,Tuesday,FAR SIDE. PED HIT BY VEHICLE FROM THE LEFT,No,Dark Street lights on,No,Cross intersection,Other injury accident,60 km/hr,No,144.94358356,-37.80239816,MELBOURNE,METROPOLITAN NORTH WEST REGION,2.0,0.0,0.0,2.0,0.0,2.0,0.0,0.0,0.0,1.0,1.0,0.0,0.0,0.0,0.0,0.0,0.0,0.0,0.0,No,0.0,1.0,0.0,1.0,0.0,0.0,MELB_URBAN,MELB_URBAN,MELBOURNE,METROPOLITAN NORTH WEST REGION,Arterial Other,Metro,0.6,11.1
T20150024393,Driving accident,Finished,2015/11/25,16:30:00,No,Collision with vehicle,Wednesday,LANE CHANGE LEFT (NOT OVERTAKING),No,Day,Yes,Cross intersection,Other injury accident,40 km/hr,No,144.96119027,-37.81036909,MELBOURNE,METROPOLITAN NORTH WEST REGION,2.0,0.0,0.0,1.0,1.0,0.0,1.0,1.0,0.0,1.0,0.0,0.0,0.0,0.0,0.0,0.0,0.0,0.0,0.0,No,0.0,2.0,0.0,1.0,0.0,0.0,MELBOURNE_CBD,"MELB_URBAN,MELBOURNE_CBD",MELBOURNE,METROPOLITAN NORTH WEST REGION,Local Road,Metro,0.0,33.3
T20150024948,Driving accident,Finished,2015/11/25,08:50:00,No,Collision with vehicle,Wednesday,LEFT TURN SIDESWIPE,No,Day,No,Not at intersection,Serious injury accident,40 km/hr,No,144.95463111,-37.81230372,MELBOURNE,METROPOLITAN NORTH WEST REGION,2.0,0.0,1.0,0.0,1.0,0.0,2.0,1.0,0.0,1.0,0.0,0.0,0.0,0.0,0.0,0.0,0.0,0.0,1.0,No,0.0,2.0,0.0,1.0,0.0,0.0,MELBOURNE_CBD,"MELB_URBAN,MELBOURNE_CBD",MELBOURNE,METROPOLITAN NORTH WEST REGION,Local Road,Metro,0.0,33.3
T20160001286,Driving accident,Finished,2015/11/25,12:00:00,No,Collision with vehicle,Tuesday,LANE CHANGE RIGHT (NOT OVERTAKING),No,Day,No,Not at intersection,Other injury accident,50 km/hr,No,144.98790011,-37.83123165,MELBOURNE,METROPOLITAN SOUTH EAST REGION,2.0,0.0,0.0,1.0,1.0,1.0,0.0,0.0,0.0,1.0,0.0,0.0,1.0,0.0,0.0,0.0,0.0,0.0,0.0,No,0.0,2.0,0.0,1.0,1.0,0.0,MELB_URBAN,MELB_URBAN,"MELBOURNE,STONNINGTON","METROPOLITAN SOUTH EAST REGION,METROPOLITAN NORTH WEST REGION",Arterial Highway,Metro,0.0,33.3
T20150024806,Driving accident,Discarded,2015/11/25,08:50:00,No,Collision with vehicle,Tuesday,LEFT TURN SIDESWIPE,Not known,Day,No,Not at intersection,Other injury accident,50 km/hr,No,144.95482722,-37.81223418,MELBOURNE,METROPOLITAN NORTH WEST REGION,2.0,0.0,0.0,1.0,1.0,0.0,1.0,1.0,0.0,0.0,0.0,0.0,0.0,1.0,0.0,0.0,0.0,0.0,0.0,No,0.0,2.0,0.0,0.0,0.0,0.0,MELBOURNE_CBD,"MELB_URBAN,MELBOURNE_CBD",MELBOURNE,METROPOLITAN NORTH WEST REGION,Local Road,Metro,0.0,33.3
T20150020730,Driving accident,Finished,2015/10/07,12:20:00,No,Collision with a fixed object,Wednesday,PERMANENT OBSTRUCTION ON CARRIAGEWAY,No,Day,Yes,Multiple intersection,Other injury accident,60 km/hr,No,144.92538064,-37.78775016,MELBOURNE,METROPOLITAN NORTH WEST REGION,4.0,0.0,0.0,2.0,2.0,2.0,2.0,0.0,0.0,2.0,0.0,0.0,0.0,2.0,0.0,0.0,0.0,0.0,0.0,No,1.0,2.0,0.0,2.0,0.0,0.0,MELB_URBAN,MELB_URBAN,"MELBOURNE,MOONEE VALLEY",METROPOLITAN NORTH WEST REGION,Arterial Highway,Metro,0.0,16.2
T20150020875,Driving accident,Finished,2015/10/07,06:30:00,No,No collision and no object struck,Wednesday,OUT OF CONTROL ON CARRIAGEWAY (ON STRAIGHT),No,Dusk/Dawn,No,Cross intersection,Other injury accident,60 km/hr,No,144.9641442,-37.82256769,MELBOURNE,METROPOLITAN NORTH WEST REGION,2.0,0.0,0.0,1.0,1.0,1.0,0.0,1.0,0.0,1.0,0.0,0.0,0.0,0.0,0.0,0.0,0.0,0.0,0.0,No,0.0,2.0,0.0,1.0,0.0,0.0,MELB_URBAN,MELB_URBAN,MELBOURNE,METROPOLITAN NORTH WEST REGION,Arterial Highway,Metro,0.0,16.2
T20150024310,Driving accident,Finished,2015/11/24,22:05:00,Yes,Collision with vehicle,Tuesday,REAR END(VEHICLES IN SAME LANE),No,Dark Street lights on,Yes,Cross intersection,Other injury accident,40 km/hr,No,144.97021899,-37.79900799,MELBOURNE,METROPOLITAN NORTH WEST REGION,7.0,0.0,0.0,1.0,6.0,3.0,4.0,0.0,4.0,3.0,0.0,0.0,0.0,0.0,0.0,0.0,0.0,0.0,1.0,No,0.0,3.0,0.0,3.0,0.0,0.0,MELB_URBAN,MELB_URBAN,MELBOURNE,METROPOLITAN NORTH WEST REGION,Local Road,Metro,0.0,24.5
T20150024459,Driving accident,Finished,2015/11/24,11:15:00,No,Collision with vehicle,Monday,VEHICLE OFF FOOTPATH STRIKES VEH ON CARRIAGEWAY,No,Day,No,T intersection,Other injury accident,50 km/hr,No,144.96510753,-37.79344926,MELBOURNE,METROPOLITAN NORTH WEST REGION,2.0,0.0,0.0,1.0,1.0,2.0,0.0,1.0,0.0,1.0,0.0,0.0,0.0,0.0,0.0,0.0,0.0,0.0,0.0,No,0.0,2.0,0.0,1.0,0.0,0.0,MELB_URBAN,MELB_URBAN,MELBOURNE,METROPOLITAN NORTH WEST REGION,Arterial Other,Metro,0.0,24.5
T20150024797,Driving accident,Finished,2015/11/18,11:30:00,No,Collision with vehicle,Tuesday,LANE SIDE SWIPE (VEHICLES IN PARALLEL LANES),Yes,Day,No,T intersection,Other injury accident,60 km/hr,No,144.96596565,-37.82179923,MELBOURNE,METROPOLITAN NORTH WEST REGION,2.0,0.0,0.0,1.0,1.0,1.0,0.0,1.0,0.0,0.0,0.0,0.0,0.0,1.0,0.0,0.0,0.0,0.0,0.0,No,0.0,2.0,0.0,0.0,0.0,0.0,MELB_URBAN,MELB_URBAN,MELBOURNE,METROPOLITAN NORTH WEST REGION,Arterial Highway,Metro,0.0,29.5
T20150023823,Driving accident,Finished,2015/11/18,09:25:00,No,Collision with vehicle,Wednesday,RIGHT NEAR (INTERSECTIONS ONLY),No,Day,Yes,T intersection,Other injury accident,50 km/hr,No,144.93672949,-37.79592783,MELBOURNE,METROPOLITAN NORTH WEST REGION,2.0,0.0,0.0,1.0,1.0,1.0,1.0,0.0,0.0,1.0,0.0,0.0,1.0,0.0,0.0,0.0,0.0,0.0,0.0,No,0.0,2.0,0.0,1.0,1.0,0.0,MELB_URBAN,MELB_URBAN,MELBOURNE,METROPOLITAN NORTH WEST REGION,Local Road,Metro,0.0,29.5
T20150024836,Driving accident,Finished,2015/12/01,08:51:00,No,Collision with vehicle,Tuesday,LANE SIDE SWIPE (VEHICLES IN PARALLEL LANES),Yes,Day,No,Cross intersection,Other injury accident,40 km/hr,No,144.96614259,-37.81449178,MELBOURNE,METROPOLITAN NORTH WEST REGION,3.0,0.0,0.0,1.0,2.0,1.0,0.0,1.0,0.0,0.0,0.0,1.0,1.0,0.0,0.0,0.0,0.0,0.0,0.0,No,0.0,2.0,0.0,0.0,1.0,0.0,MELBOURNE_CBD,MELBOURNE_CBD,MELBOURNE,METROPOLITAN NORTH WEST REGION,Local Road,Metro,1.8,24.6
T20150024872,Driving accident,Finished,2015/12/01,16:30:00,No,Collision with vehicle,Tuesday,LEFT TURN SIDESWIPE,No,Day,Yes,Not at intersection,Other injury accident,50 km/hr,No,144.98603491,-37.81110636,MELBOURNE,METROPOLITAN NORTH WEST REGION,2.0,0.0,0.0,1.0,1.0,1.0,1.0,1.0,0.0,1.0,0.0,0.0,0.0,0.0,0.0,0.0,0.0,0.0,0.0,No,0.0,3.0,0.0,1.0,0.0,0.0,MELB_URBAN,MELB_URBAN,MELBOURNE,METROPOLITAN NORTH WEST REGION,Local Road,Metro,1.8,24.6
T20150025011,Driving accident,Finished,2015/12/01,15:30:00,No,Collision with vehicle,Tuesday,REAR END(VEHICLES IN SAME LANE),No,Day,No,Not at intersection,Serious injury accident,40 km/hr,No,144.97019321,-37.82351746,MELBOURNE,METROPOLITAN NORTH WEST REGION,2.0,0.0,1.0,0.0,1.0,1.0,1.0,1.0,0.0,1.0,0.0,0.0,0.0,0.0,0.0,0.0,0.0,0.0,0.0,No,0.0,2.0,0.0,1.0,0.0,0.0,MELB_URBAN,MELB_URBAN,MELBOURNE,METROPOLITAN NORTH WEST REGION,Arterial Other,Metro,1.8,24.6
T20160000692,Driving accident,Finished,2015/12/01,10:00:00,No,Collision with vehicle,Tuesday,REAR END(VEHICLES IN SAME LANE),No,Day,No,Not at intersection,Serious injury accident,60 km/hr,No,144.95912182,-37.80498575,MELBOURNE,METROPOLITAN NORTH WEST REGION,2.0,0.0,1.0,0.0,1.0,2.0,0.0,1.0,0.0,1.0,0.0,0.0,0.0,0.0,0.0,0.0,0.0,0.0,0.0,No,0.0,2.0,0.0,1.0,0.0,0.0,MELB_URBAN,MELB_URBAN,MELBOURNE,METROPOLITAN NORTH WEST REGION,Arterial Other,Metro,1.8,24.6
T20150022925,Driving accident,Finished,2015/11/05,08:48:00,No,Collision with vehicle,Thursday,VEHICLE COLLIDES WITH VEHICLE PARKED ON LEFT OF ROAD,No,Day,Yes,Not at intersection,Serious injury accident,60 km/hr,No,144.98405945,-37.83800243,MELBOURNE,METROPOLITAN NORTH WEST REGION,1.0,0.0,1.0,0.0,0.0,0.0,1.0,0.0,0.0,0.0,0.0,0.0,1.0,0.0,0.0,0.0,0.0,0.0,0.0,No,0.0,2.0,0.0,1.0,1.0,0.0,MELB_URBAN,MELB_URBAN,MELBOURNE,METROPOLITAN NORTH WEST REGION,Arterial Other,Metro,12.2,24.7
T20160000180,Driving accident,Finished,2015/11/05,09:20:00,No,Vehicle overturned (no collision),Thursday,OUT OF CONTROL ON CARRIAGEWAY (ON STRAIGHT),No,Day,No,Not at intersection,Other injury accident,60 km/hr,No,144.98590174,-37.83819213,MELBOURNE,METROPOLITAN NORTH WEST REGION,1.0,0.0,0.0,1.0,0.0,1.0,0.0,0.0,0.0,0.0,0.0,0.0,1.0,0.0,0.0,0.0,0.0,0.0,0.0,No,0.0,1.0,0.0,0.0,1.0,0.0,MELB_URBAN,MELB_URBAN,MELBOURNE,METROPOLITAN NORTH WEST REGION,Arterial Other,Metro,12.2,24.7
T20150025121,Driving accident,Finished,2015/12/04,15:00:00,No,Collision with vehicle,Friday,REAR END(VEHICLES IN SAME LANE),Yes,Day,Yes,Not at intersection,Other injury accident,100 km/hr,No,144.89990421,-37.83039864,MELBOURNE,METROPOLITAN NORTH WEST REGION,2.0,0.0,0.0,1.0,1.0,2.0,0.0,0.0,0.0,1.0,0.0,0.0,1.0,0.0,0.0,0.0,0.0,0.0,1.0,No,0.0,2.0,0.0,1.0,1.0,0.0,MELB_URBAN,MELB_URBAN,MELBOURNE,METROPOLITAN NORTH WEST REGION,Freeway,Metro,0.0,30.8
T20150025062,Driving accident,Finished,2015/12/04,07:50:00,No,Collision with vehicle,Friday,REAR END(VEHICLES IN SAME LANE),No,Dark Street lights on,Yes,Not at intersection,Other injury accident,80 km/hr,No,144.97514031,-37.82510636,MELBOURNE,METROPOLITAN NORTH WEST REGION,4.0,0.0,0.0,1.0,3.0,3.0,1.0,0.0,1.0,3.0,0.0,0.0,0.0,0.0,0.0,0.0,0.0,0.0,0.0,No,0.0,3.0,0.0,3.0,0.0,0.0,MELB_URBAN,MELB_URBAN,MELBOURNE,METROPOLITAN NORTH WEST REGION,Freeway,Metro,0.0,30.8
T20150025400,Driving accident,Finished,2015/12/04,15:00:00,No,Collision with vehicle,Friday,VEHICLE STRIKES DOOR OF PARKED/STATIONARY VEHICLE,No,Day,Yes,Not at intersection,Serious injury accident,40 km/hr,No,144.96928106,-37.80951322,MELBOURNE,METROPOLITAN NORTH WEST REGION,2.0,0.0,1.0,0.0,1.0,2.0,0.0,1.0,0.0,1.0,0.0,0.0,0.0,0.0,0.0,0.0,0.0,0.0,1.0,No,0.0,2.0,0.0,1.0,0.0,0.0,MELBOURNE_CBD,MELBOURNE_CBD,MELBOURNE,METROPOLITAN NORTH WEST REGION,Local Road,Metro,0.0,30.8
T20150025053,Driving accident,Finished,2015/12/04,08:20:00,No,Collision with vehicle,Friday,CROSS TRAFFIC(INTERSECTIONS ONLY),No,Day,Yes,Cross intersection,Other injury accident,50 km/hr,No,144.95049976,-37.81102455,MELBOURNE,METROPOLITAN NORTH WEST REGION,2.0,0.0,0.0,1.0,1.0,1.0,1.0,1.0,0.0,1.0,0.0,0.0,0.0,0.0,0.0,0.0,0.0,0.0,0.0,No,0.0,2.0,0.0,1.0,0.0,0.0,MELB_URBAN,MELB_URBAN,MELBOURNE,METROPOLITAN NORTH WEST REGION,Arterial Other,Metro,0.0,30.8
T20150020930,Driving accident,Finished,2015/10/10,13:20:00,No,Collision with vehicle,Saturday,U TURN,No,Day,Yes,T intersection,Serious injury accident,40 km/hr,No,144.98419868,-37.84557576,MELBOURNE,METROPOLITAN NORTH WEST REGION,2.0,0.0,1.0,0.0,1.0,1.0,1.0,0.0,0.0,1.0,0.0,0.0,0.0,1.0,0.0,0.0,0.0,0.0,0.0,No,0.0,2.0,0.0,1.0,0.0,1.0,MELB_URBAN,MELB_URBAN,MELBOURNE,METROPOLITAN NORTH WEST REGION,Arterial Other,Metro,0.0,29.2